OBJECTID,FREQUENCY,pointid
-1,1,26370
-1,1,26371
-1,1,26372
-1,1,26373
-1,1,26374
-1,1,26375
-1,1,26376
-1,1,26377
-1,1,26378
-1,1,26379
-1,1,26380
-1,1,26417
-1,1,26418
-1,1,26419
-1,1,26420
-1,1,26421
-1,1,26422
-1,1,26423
-1,1,26424
-1,1,26425
-1,1,26426
-1,1,26427
-1,1,26466
-1,1,26467
-1,1,26468
-1,1,26469
-1,1,26470
-1,1,26471
-1,1,26472
-1,1,26473
-1,1,26474
-1,1,26475
-1,1,26476
-1,1,26517
-1,1,26518
-1,1,26519
-1,1,26520
-1,1,26521
-1,1,26522
-1,1,26523
-1,1,26524
-1,1,26525
-1,1,26526
-1,1,26527
-1,1,26570
-1,1,26571
-1,1,26572
-1,1,26573
-1,1,26574
-1,1,26575
-1,1,26576
-1,1,26577
-1,1,26578
-1,1,26579
-1,1,26580
-1,1,26625
-1,1,26626
-1,1,26627
-1,1,26628
-1,1,26629
-1,1,26630
-1,1,26631
-1,1,26632
-1,1,26633
-1,1,26634
-1,1,26635
-1,1,26682
-1,1,26683
-1,1,26684
-1,1,26685
-1,1,26686
-1,1,26687
-1,1,26688
-1,1,26689
-1,1,26690
-1,1,26691
-1,1,26692
-1,1,26741
-1,1,26742
-1,1,26743
-1,1,26744
-1,1,26745
-1,1,26746
-1,1,26747
-1,1,26748
-1,1,26749
-1,1,26750
-1,1,26751
-1,1,26802
-1,1,26803
-1,1,26804
-1,1,26805
-1,1,26806
-1,1,26807
-1,1,26808
-1,1,26809
-1,1,26810
-1,1,26811
-1,1,26812
-1,1,26866
-1,1,26867
-1,1,26868
-1,1,26869
-1,1,26870
-1,1,26871
-1,1,26872
-1,1,26873
-1,1,26874
-1,1,26875
-1,1,26876
-1,1,26932
-1,1,26933
-1,1,26934
-1,1,26935
-1,1,26936
-1,1,26937
-1,1,26938
-1,1,26939
-1,1,26940
-1,1,26941
-1,1,26942
-1,1,27000
-1,1,27001
-1,1,27002
-1,1,27003
-1,1,27004
-1,1,27005
-1,1,27006
-1,1,27007
-1,1,27008
-1,1,27009
-1,1,27010
-1,1,27070
-1,1,27071
-1,1,27072
-1,1,27073
-1,1,27074
-1,1,27075
-1,1,27076
-1,1,27077
-1,1,27078
-1,1,27079
-1,1,27080
-1,1,27142
-1,1,27143
-1,1,27144
-1,1,27145
-1,1,27146
-1,1,27147
-1,1,27148
-1,1,27149
-1,1,27150
-1,1,27151
-1,1,27152
-1,1,27216
-1,1,27217
-1,1,27218
-1,1,27219
-1,1,27220
-1,1,27221
-1,1,27222
-1,1,27223
-1,1,27224
-1,1,27225
-1,1,27226
-1,1,27292
-1,1,27293
-1,1,27294
-1,1,27295
-1,1,27296
-1,1,27297
-1,1,27298
-1,1,27299
-1,1,27300
-1,1,27301
-1,1,27302
-1,1,27370
-1,1,27371
-1,1,27372
-1,1,27373
-1,1,27374
-1,1,27375
-1,1,27376
-1,1,27377
-1,1,27378
-1,1,27379
-1,1,27380
-1,1,27450
-1,1,27451
-1,1,27452
-1,1,27453
-1,1,27454
-1,1,27455
-1,1,27456
-1,1,27457
-1,1,27458
-1,1,27459
-1,1,27460
-1,1,27532
-1,1,27533
-1,1,27534
-1,1,27535
-1,1,27536
-1,1,27537
-1,1,27538
-1,1,27539
-1,1,27540
-1,1,27541
-1,1,27542
-1,1,27616
-1,1,27617
-1,1,27618
-1,1,27619
-1,1,27620
-1,1,27621
-1,1,27622
-1,1,27623
-1,1,27624
-1,1,27625
-1,1,27626
-1,1,27703
-1,1,27704
-1,1,27705
-1,1,27706
-1,1,27707
-1,1,27708
-1,1,27709
-1,1,27710
-1,1,27711
-1,1,27712
-1,1,27713
-1,1,27792
-1,1,27793
-1,1,27794
-1,1,27795
-1,1,27796
-1,1,27797
-1,1,27798
-1,1,27799
-1,1,27800
-1,1,27801
-1,1,27802
-1,1,27883
-1,1,27884
-1,1,27885
-1,1,27886
-1,1,27887
-1,1,27888
-1,1,27889
-1,1,27890
-1,1,27891
-1,1,27892
-1,1,27893
-1,1,27976
-1,1,27977
-1,1,27978
-1,1,27979
-1,1,27980
-1,1,27981
-1,1,27982
-1,1,27983
-1,1,27984
-1,1,27985
-1,1,27986
-1,1,28071
-1,1,28072
-1,1,28073
-1,1,28074
-1,1,28075
-1,1,28076
-1,1,28077
-1,1,28078
-1,1,28079
-1,1,28080
-1,1,28081
-1,1,28168
-1,1,28169
-1,1,28170
-1,1,28171
-1,1,28172
-1,1,28173
-1,1,28174
-1,1,28175
-1,1,28176
-1,1,28177
-1,1,28178
-1,1,28267
-1,1,28268
-1,1,28269
-1,1,28270
-1,1,28271
-1,1,28272
-1,1,28273
-1,1,28274
-1,1,28275
-1,1,28276
-1,1,28277
-1,1,28368
-1,1,28369
-1,1,28370
-1,1,28371
-1,1,28372
-1,1,28373
-1,1,28374
-1,1,28375
-1,1,28376
-1,1,28377
-1,1,28378
-1,1,28471
-1,1,28472
-1,1,28473
-1,1,28474
-1,1,28475
-1,1,28476
-1,1,28477
-1,1,28478
-1,1,28479
-1,1,28480
-1,1,28481
-1,1,28576
-1,1,28577
-1,1,28578
-1,1,28579
-1,1,28580
-1,1,28581
-1,1,28582
-1,1,28583
-1,1,28584
-1,1,28585
-1,1,28586
-1,1,28683
-1,1,28684
-1,1,28685
-1,1,28686
-1,1,28687
-1,1,28688
-1,1,28689
-1,1,28690
-1,1,28691
-1,1,28692
-1,1,28693
-1,1,28792
-1,1,28793
-1,1,28794
-1,1,28795
-1,1,28796
-1,1,28797
-1,1,28798
-1,1,28799
-1,1,28800
-1,1,28801
-1,1,28802
-1,1,28903
-1,1,28904
-1,1,28905
-1,1,28906
-1,1,28907
-1,1,28908
-1,1,28909
-1,1,28910
-1,1,28911
-1,1,28912
-1,1,28913
-1,1,29016
-1,1,29017
-1,1,29018
-1,1,29019
-1,1,29020
-1,1,29021
-1,1,29022
-1,1,29023
-1,1,29024
-1,1,29025
-1,1,29026
-1,1,29131
-1,1,29132
-1,1,29133
-1,1,29134
-1,1,29135
-1,1,29136
-1,1,29137
-1,1,29138
-1,1,29139
-1,1,29140
-1,1,29141
-1,1,29248
-1,1,29249
-1,1,29250
-1,1,29251
-1,1,29252
-1,1,29253
-1,1,29254
-1,1,29255
-1,1,29256
-1,1,29257
-1,1,29258
-1,1,29367
-1,1,29368
-1,1,29369
-1,1,29370
-1,1,29371
-1,1,29372
-1,1,29373
-1,1,29374
-1,1,29375
-1,1,29376
-1,1,29377
-1,1,29489
-1,1,29490
-1,1,29491
-1,1,29492
-1,1,29493
-1,1,29494
-1,1,29495
-1,1,29496
-1,1,29497
-1,1,29498
-1,1,29499
-1,1,29613
-1,1,29614
-1,1,29615
-1,1,29616
-1,1,29617
-1,1,29618
-1,1,29619
-1,1,29620
-1,1,29621
-1,1,29622
-1,1,29623
-1,1,29739
-1,1,29740
-1,1,29741
-1,1,29742
-1,1,29743
-1,1,29744
-1,1,29745
-1,1,29746
-1,1,29747
-1,1,29748
-1,1,29749
-1,1,29867
-1,1,29868
-1,1,29869
-1,1,29870
-1,1,29871
-1,1,29872
-1,1,29873
-1,1,29874
-1,1,29875
-1,1,29876
-1,1,29877
-1,1,29995
-1,1,29996
-1,1,29997
-1,1,29998
-1,1,29999
-1,1,30000
-1,1,30001
-1,1,30002
-1,1,30003
-1,1,30004
-1,1,30005
-1,1,30123
-1,1,30124
-1,1,30125
-1,1,30126
-1,1,30127
-1,1,30128
-1,1,30129
-1,1,30130
-1,1,30131
-1,1,30132
-1,1,30133
-1,1,30251
-1,1,30252
-1,1,30253
-1,1,30254
-1,1,30255
-1,1,30256
-1,1,30257
-1,1,30258
-1,1,30259
-1,1,30260
-1,1,30261
-1,1,30379
-1,1,30380
-1,1,30381
-1,1,30382
-1,1,30383
-1,1,30384
-1,1,30385
-1,1,30386
-1,1,30387
-1,1,30388
-1,1,30389
-1,1,30507
-1,1,30508
-1,1,30509
-1,1,30510
-1,1,30511
-1,1,30512
-1,1,30513
-1,1,30514
-1,1,30515
-1,1,30516
-1,1,30517
-1,1,30635
-1,1,30636
-1,1,30637
-1,1,30638
-1,1,30639
-1,1,30640
-1,1,30641
-1,1,30642
-1,1,30643
-1,1,30644
-1,1,30645
-1,1,30763
-1,1,30764
-1,1,30765
-1,1,30766
-1,1,30767
-1,1,30768
-1,1,30769
-1,1,30770
-1,1,30771
-1,1,30772
-1,1,30773
-1,1,30891
-1,1,30892
-1,1,30893
-1,1,30894
-1,1,30895
-1,1,30896
-1,1,30897
-1,1,30898
-1,1,30899
-1,1,30900
-1,1,30901
-1,1,31019
-1,1,31020
-1,1,31021
-1,1,31022
-1,1,31023
-1,1,31024
-1,1,31025
-1,1,31026
-1,1,31027
-1,1,31028
-1,1,31029
-1,1,31147
-1,1,31148
-1,1,31149
-1,1,31150
-1,1,31151
-1,1,31152
-1,1,31153
-1,1,31154
-1,1,31155
-1,1,31156
-1,1,31157
-1,1,31275
-1,1,31276
-1,1,31277
-1,1,31278
-1,1,31279
-1,1,31280
-1,1,31281
-1,1,31282
-1,1,31283
-1,1,31284
-1,1,31285
-1,1,31403
-1,1,31404
-1,1,31405
-1,1,31406
-1,1,31407
-1,1,31408
-1,1,31409
-1,1,31410
-1,1,31411
-1,1,31412
-1,1,31413
-1,1,41014
-1,1,41015
-1,1,41016
-1,1,41017
-1,1,41018
-1,1,41019
-1,1,41020
-1,1,41021
-1,1,41022
-1,1,41023
-1,1,41024
-1,1,41025
-1,1,41026
-1,1,41027
-1,1,41028
-1,1,41029
-1,1,41030
-1,1,41031
-1,1,41032
-1,1,41033
-1,1,41034
-1,1,41035
-1,1,41036
-1,1,41037
-1,1,41038
-1,1,41039
-1,1,41040
-1,1,41041
-1,1,41042
-1,1,41043
-1,1,41044
-1,1,41045
-1,1,41046
-1,1,41047
-1,1,41048
-1,1,41049
-1,1,41050
-1,1,41051
-1,1,41052
-1,1,41053
-1,1,41054
-1,1,41055
-1,1,41056
-1,1,41057
-1,1,41058
-1,1,41059
-1,1,41060
-1,1,41061
-1,1,41062
-1,1,41063
-1,1,41064
-1,1,41065
-1,1,41066
-1,1,41067
-1,1,41068
-1,1,41069
-1,1,41070
-1,1,41142
-1,1,41143
-1,1,41144
-1,1,41145
-1,1,41146
-1,1,41147
-1,1,41148
-1,1,41149
-1,1,41150
-1,1,41151
-1,1,41152
-1,1,41153
-1,1,41154
-1,1,41155
-1,1,41156
-1,1,41157
-1,1,41158
-1,1,41159
-1,1,41160
-1,1,41161
-1,1,41162
-1,1,41163
-1,1,41164
-1,1,41165
-1,1,41166
-1,1,41167
-1,1,41168
-1,1,41169
-1,1,41170
-1,1,41171
-1,1,41172
-1,1,41173
-1,1,41174
-1,1,41175
-1,1,41176
-1,1,41177
-1,1,41178
-1,1,41179
-1,1,41180
-1,1,41181
-1,1,41182
-1,1,41183
-1,1,41184
-1,1,41185
-1,1,41186
-1,1,41187
-1,1,41188
-1,1,41189
-1,1,41190
-1,1,41191
-1,1,41192
-1,1,41193
-1,1,41194
-1,1,41195
-1,1,41196
-1,1,41197
-1,1,41198
-1,1,41270
-1,1,41271
-1,1,41272
-1,1,41273
-1,1,41274
-1,1,41275
-1,1,41276
-1,1,41277
-1,1,41278
-1,1,41279
-1,1,41280
-1,1,41281
-1,1,41282
-1,1,41283
-1,1,41284
-1,1,41285
-1,1,41286
-1,1,41287
-1,1,41288
-1,1,41289
-1,1,41290
-1,1,41291
-1,1,41292
-1,1,41293
-1,1,41294
-1,1,41295
-1,1,41296
-1,1,41297
-1,1,41298
-1,1,41299
-1,1,41300
-1,1,41301
-1,1,41302
-1,1,41303
-1,1,41304
-1,1,41305
-1,1,41306
-1,1,41307
-1,1,41308
-1,1,41309
-1,1,41310
-1,1,41311
-1,1,41312
-1,1,41313
-1,1,41314
-1,1,41315
-1,1,41316
-1,1,41317
-1,1,41318
-1,1,41319
-1,1,41320
-1,1,41321
-1,1,41322
-1,1,41323
-1,1,41324
-1,1,41325
-1,1,41326
-1,1,41398
-1,1,41399
-1,1,41400
-1,1,41401
-1,1,41402
-1,1,41403
-1,1,41404
-1,1,41405
-1,1,41406
-1,1,41407
-1,1,41408
-1,1,41409
-1,1,41410
-1,1,41411
-1,1,41412
-1,1,41413
-1,1,41414
-1,1,41415
-1,1,41416
-1,1,41417
-1,1,41418
-1,1,41419
-1,1,41420
-1,1,41421
-1,1,41422
-1,1,41423
-1,1,41424
-1,1,41425
-1,1,41426
-1,1,41427
-1,1,41428
-1,1,41429
-1,1,41430
-1,1,41431
-1,1,41432
-1,1,41433
-1,1,41434
-1,1,41435
-1,1,41436
-1,1,41437
-1,1,41438
-1,1,41439
-1,1,41440
-1,1,41441
-1,1,41442
-1,1,41443
-1,1,41444
-1,1,41445
-1,1,41446
-1,1,41447
-1,1,41448
-1,1,41449
-1,1,41450
-1,1,41451
-1,1,41452
-1,1,41453
-1,1,41454
-1,1,41526
-1,1,41527
-1,1,41528
-1,1,41529
-1,1,41530
-1,1,41531
-1,1,41532
-1,1,41533
-1,1,41534
-1,1,41535
-1,1,41536
-1,1,41537
-1,1,41538
-1,1,41539
-1,1,41540
-1,1,41541
-1,1,41542
-1,1,41543
-1,1,41544
-1,1,41545
-1,1,41546
-1,1,41547
-1,1,41548
-1,1,41549
-1,1,41550
-1,1,41551
-1,1,41552
-1,1,41553
-1,1,41554
-1,1,41555
-1,1,41556
-1,1,41557
-1,1,41558
-1,1,41559
-1,1,41560
-1,1,41561
-1,1,41562
-1,1,41563
-1,1,41564
-1,1,41565
-1,1,41566
-1,1,41567
-1,1,41568
-1,1,41569
-1,1,41570
-1,1,41571
-1,1,41572
-1,1,41573
-1,1,41574
-1,1,41575
-1,1,41576
-1,1,41577
-1,1,41578
-1,1,41579
-1,1,41580
-1,1,41581
-1,1,41582
-1,1,41654
-1,1,41655
-1,1,41656
-1,1,41657
-1,1,41658
-1,1,41659
-1,1,41660
-1,1,41661
-1,1,41662
-1,1,41663
-1,1,41664
-1,1,41665
-1,1,41666
-1,1,41667
-1,1,41668
-1,1,41669
-1,1,41670
-1,1,41671
-1,1,41672
-1,1,41673
-1,1,41674
-1,1,41675
-1,1,41676
-1,1,41677
-1,1,41678
-1,1,41679
-1,1,41680
-1,1,41681
-1,1,41682
-1,1,41683
-1,1,41684
-1,1,41685
-1,1,41686
-1,1,41687
-1,1,41688
-1,1,41689
-1,1,41690
-1,1,41691
-1,1,41692
-1,1,41693
-1,1,41694
-1,1,41695
-1,1,41696
-1,1,41697
-1,1,41698
-1,1,41699
-1,1,41700
-1,1,41701
-1,1,41702
-1,1,41703
-1,1,41704
-1,1,41705
-1,1,41706
-1,1,41707
-1,1,41708
-1,1,41709
-1,1,41710
-1,1,41782
-1,1,41783
-1,1,41784
-1,1,41785
-1,1,41786
-1,1,41787
-1,1,41788
-1,1,41789
-1,1,41790
-1,1,41791
-1,1,41792
-1,1,41793
-1,1,41794
-1,1,41795
-1,1,41796
-1,1,41797
-1,1,41798
-1,1,41799
-1,1,41800
-1,1,41801
-1,1,41802
-1,1,41803
-1,1,41804
-1,1,41805
-1,1,41806
-1,1,41807
-1,1,41808
-1,1,41809
-1,1,41810
-1,1,41811
-1,1,41812
-1,1,41813
-1,1,41814
-1,1,41815
-1,1,41816
-1,1,41817
-1,1,41818
-1,1,41819
-1,1,41820
-1,1,41821
-1,1,41822
-1,1,41823
-1,1,41824
-1,1,41825
-1,1,41826
-1,1,41827
-1,1,41828
-1,1,41829
-1,1,41830
-1,1,41831
-1,1,41832
-1,1,41833
-1,1,41834
-1,1,41835
-1,1,41836
-1,1,41837
-1,1,41838
-1,1,41910
-1,1,41911
-1,1,41912
-1,1,41913
-1,1,41914
-1,1,41915
-1,1,41916
-1,1,41917
-1,1,41918
-1,1,41919
-1,1,41920
-1,1,41921
-1,1,41922
-1,1,41923
-1,1,41924
-1,1,41925
-1,1,41926
-1,1,41927
-1,1,41928
-1,1,41929
-1,1,41930
-1,1,41931
-1,1,41932
-1,1,41933
-1,1,41934
-1,1,41935
-1,1,41936
-1,1,41937
-1,1,41938
-1,1,41939
-1,1,41940
-1,1,41941
-1,1,41942
-1,1,41943
-1,1,41944
-1,1,41945
-1,1,41946
-1,1,41947
-1,1,41948
-1,1,41949
-1,1,41950
-1,1,41951
-1,1,41952
-1,1,41953
-1,1,41954
-1,1,41955
-1,1,41956
-1,1,41957
-1,1,41958
-1,1,41959
-1,1,41960
-1,1,41961
-1,1,41962
-1,1,41963
-1,1,41964
-1,1,41965
-1,1,41966
-1,1,42038
-1,1,42039
-1,1,42040
-1,1,42041
-1,1,42042
-1,1,42043
-1,1,42044
-1,1,42045
-1,1,42046
-1,1,42047
-1,1,42048
-1,1,42049
-1,1,42050
-1,1,42051
-1,1,42052
-1,1,42053
-1,1,42054
-1,1,42055
-1,1,42056
-1,1,42057
-1,1,42058
-1,1,42059
-1,1,42060
-1,1,42061
-1,1,42062
-1,1,42063
-1,1,42064
-1,1,42065
-1,1,42066
-1,1,42067
-1,1,42068
-1,1,42069
-1,1,42070
-1,1,42071
-1,1,42072
-1,1,42073
-1,1,42074
-1,1,42075
-1,1,42076
-1,1,42077
-1,1,42078
-1,1,42079
-1,1,42080
-1,1,42081
-1,1,42082
-1,1,42083
-1,1,42084
-1,1,42085
-1,1,42086
-1,1,42087
-1,1,42088
-1,1,42089
-1,1,42090
-1,1,42091
-1,1,42092
-1,1,42093
-1,1,42094
-1,1,42166
-1,1,42167
-1,1,42168
-1,1,42169
-1,1,42170
-1,1,42171
-1,1,42172
-1,1,42173
-1,1,42174
-1,1,42175
-1,1,42176
-1,1,42177
-1,1,42178
-1,1,42179
-1,1,42180
-1,1,42181
-1,1,42182
-1,1,42183
-1,1,42184
-1,1,42185
-1,1,42186
-1,1,42187
-1,1,42188
-1,1,42189
-1,1,42190
-1,1,42191
-1,1,42192
-1,1,42193
-1,1,42194
-1,1,42195
-1,1,42196
-1,1,42197
-1,1,42198
-1,1,42199
-1,1,42200
-1,1,42201
-1,1,42202
-1,1,42203
-1,1,42204
-1,1,42205
-1,1,42206
-1,1,42207
-1,1,42208
-1,1,42209
-1,1,42210
-1,1,42211
-1,1,42212
-1,1,42213
-1,1,42214
-1,1,42215
-1,1,42216
-1,1,42217
-1,1,42218
-1,1,42219
-1,1,42220
-1,1,42221
-1,1,42222
-1,1,42294
-1,1,42295
-1,1,42296
-1,1,42297
-1,1,42298
-1,1,42299
-1,1,42300
-1,1,42301
-1,1,42302
-1,1,42303
-1,1,42304
-1,1,42305
-1,1,42306
-1,1,42307
-1,1,42308
-1,1,42309
-1,1,42310
-1,1,42311
-1,1,42312
-1,1,42313
-1,1,42314
-1,1,42315
-1,1,42316
-1,1,42317
-1,1,42318
-1,1,42319
-1,1,42320
-1,1,42321
-1,1,42322
-1,1,42323
-1,1,42324
-1,1,42325
-1,1,42326
-1,1,42327
-1,1,42328
-1,1,42329
-1,1,42330
-1,1,42331
-1,1,42332
-1,1,42333
-1,1,42334
-1,1,42335
-1,1,42336
-1,1,42337
-1,1,42338
-1,1,42339
-1,1,42340
-1,1,42341
-1,1,42342
-1,1,42343
-1,1,42344
-1,1,42345
-1,1,42346
-1,1,42347
-1,1,42348
-1,1,42349
-1,1,42350
-1,1,42422
-1,1,42423
-1,1,42424
-1,1,42425
-1,1,42426
-1,1,42427
-1,1,42428
-1,1,42429
-1,1,42430
-1,1,42431
-1,1,42432
-1,1,42433
-1,1,42434
-1,1,42435
-1,1,42436
-1,1,42437
-1,1,42438
-1,1,42439
-1,1,42440
-1,1,42441
-1,1,42442
-1,1,42443
-1,1,42444
-1,1,42445
-1,1,42446
-1,1,42447
-1,1,42448
-1,1,42449
-1,1,42450
-1,1,42451
-1,1,42452
-1,1,42453
-1,1,42454
-1,1,42455
-1,1,42456
-1,1,42457
-1,1,42458
-1,1,42459
-1,1,42460
-1,1,42461
-1,1,42462
-1,1,42463
-1,1,42464
-1,1,42465
-1,1,42466
-1,1,42467
-1,1,42468
-1,1,42469
-1,1,42470
-1,1,42471
-1,1,42472
-1,1,42473
-1,1,42474
-1,1,42475
-1,1,42476
-1,1,42477
-1,1,42478
-1,1,42550
-1,1,42551
-1,1,42552
-1,1,42553
-1,1,42554
-1,1,42555
-1,1,42556
-1,1,42557
-1,1,42558
-1,1,42559
-1,1,42560
-1,1,42561
-1,1,42562
-1,1,42563
-1,1,42564
-1,1,42565
-1,1,42566
-1,1,42567
-1,1,42568
-1,1,42569
-1,1,42570
-1,1,42571
-1,1,42572
-1,1,42573
-1,1,42574
-1,1,42575
-1,1,42576
-1,1,42577
-1,1,42578
-1,1,42579
-1,1,42580
-1,1,42581
-1,1,42582
-1,1,42583
-1,1,42584
-1,1,42585
-1,1,42586
-1,1,42587
-1,1,42588
-1,1,42589
-1,1,42590
-1,1,42591
-1,1,42592
-1,1,42593
-1,1,42594
-1,1,42595
-1,1,42596
-1,1,42597
-1,1,42598
-1,1,42599
-1,1,42600
-1,1,42601
-1,1,42602
-1,1,42603
-1,1,42604
-1,1,42605
-1,1,42606
-1,1,42678
-1,1,42679
-1,1,42680
-1,1,42681
-1,1,42682
-1,1,42683
-1,1,42684
-1,1,42685
-1,1,42686
-1,1,42687
-1,1,42688
-1,1,42689
-1,1,42690
-1,1,42691
-1,1,42692
-1,1,42693
-1,1,42694
-1,1,42695
-1,1,42696
-1,1,42697
-1,1,42698
-1,1,42699
-1,1,42700
-1,1,42701
-1,1,42702
-1,1,42703
-1,1,42704
-1,1,42705
-1,1,42706
-1,1,42707
-1,1,42708
-1,1,42709
-1,1,42710
-1,1,42711
-1,1,42712
-1,1,42713
-1,1,42714
-1,1,42715
-1,1,42716
-1,1,42717
-1,1,42718
-1,1,42719
-1,1,42720
-1,1,42721
-1,1,42722
-1,1,42723
-1,1,42724
-1,1,42725
-1,1,42726
-1,1,42727
-1,1,42728
-1,1,42729
-1,1,42730
-1,1,42731
-1,1,42732
-1,1,42733
-1,1,42734
-1,1,42806
-1,1,42807
-1,1,42808
-1,1,42809
-1,1,42810
-1,1,42811
-1,1,42812
-1,1,42813
-1,1,42814
-1,1,42815
-1,1,42816
-1,1,42817
-1,1,42818
-1,1,42819
-1,1,42820
-1,1,42821
-1,1,42822
-1,1,42823
-1,1,42824
-1,1,42825
-1,1,42826
-1,1,42827
-1,1,42828
-1,1,42829
-1,1,42830
-1,1,42831
-1,1,42832
-1,1,42833
-1,1,42834
-1,1,42835
-1,1,42836
-1,1,42837
-1,1,42838
-1,1,42839
-1,1,42840
-1,1,42841
-1,1,42842
-1,1,42843
-1,1,42844
-1,1,42845
-1,1,42846
-1,1,42847
-1,1,42848
-1,1,42849
-1,1,42850
-1,1,42851
-1,1,42852
-1,1,42853
-1,1,42854
-1,1,42855
-1,1,42856
-1,1,42857
-1,1,42858
-1,1,42859
-1,1,42860
-1,1,42861
-1,1,42862
-1,1,42934
-1,1,42935
-1,1,42936
-1,1,42937
-1,1,42938
-1,1,42939
-1,1,42940
-1,1,42941
-1,1,42942
-1,1,42943
-1,1,42944
-1,1,42945
-1,1,42946
-1,1,42947
-1,1,42948
-1,1,42949
-1,1,42950
-1,1,42951
-1,1,42952
-1,1,42953
-1,1,42954
-1,1,42955
-1,1,42956
-1,1,42957
-1,1,42958
-1,1,42959
-1,1,42960
-1,1,42961
-1,1,42962
-1,1,42963
-1,1,42964
-1,1,42965
-1,1,42966
-1,1,42967
-1,1,42968
-1,1,42969
-1,1,42970
-1,1,42971
-1,1,42972
-1,1,42973
-1,1,42974
-1,1,42975
-1,1,42976
-1,1,42977
-1,1,42978
-1,1,42979
-1,1,42980
-1,1,42981
-1,1,42982
-1,1,42983
-1,1,42984
-1,1,42985
-1,1,42986
-1,1,42987
-1,1,42988
-1,1,42989
-1,1,42990
-1,1,43062
-1,1,43063
-1,1,43064
-1,1,43065
-1,1,43066
-1,1,43067
-1,1,43068
-1,1,43069
-1,1,43070
-1,1,43071
-1,1,43072
-1,1,43073
-1,1,43074
-1,1,43075
-1,1,43076
-1,1,43077
-1,1,43078
-1,1,43079
-1,1,43080
-1,1,43081
-1,1,43082
-1,1,43083
-1,1,43084
-1,1,43085
-1,1,43086
-1,1,43087
-1,1,43088
-1,1,43089
-1,1,43090
-1,1,43091
-1,1,43092
-1,1,43093
-1,1,43094
-1,1,43095
-1,1,43096
-1,1,43097
-1,1,43098
-1,1,43099
-1,1,43100
-1,1,43101
-1,1,43102
-1,1,43103
-1,1,43104
-1,1,43105
-1,1,43106
-1,1,43107
-1,1,43108
-1,1,43109
-1,1,43110
-1,1,43111
-1,1,43112
-1,1,43113
-1,1,43114
-1,1,43115
-1,1,43116
-1,1,43117
-1,1,43118
-1,1,43190
-1,1,43191
-1,1,43192
-1,1,43193
-1,1,43194
-1,1,43195
-1,1,43196
-1,1,43197
-1,1,43198
-1,1,43199
-1,1,43200
-1,1,43201
-1,1,43202
-1,1,43203
-1,1,43204
-1,1,43205
-1,1,43206
-1,1,43207
-1,1,43208
-1,1,43209
-1,1,43210
-1,1,43211
-1,1,43212
-1,1,43213
-1,1,43214
-1,1,43215
-1,1,43216
-1,1,43217
-1,1,43218
-1,1,43219
-1,1,43220
-1,1,43221
-1,1,43222
-1,1,43223
-1,1,43224
-1,1,43225
-1,1,43226
-1,1,43227
-1,1,43228
-1,1,43229
-1,1,43230
-1,1,43231
-1,1,43232
-1,1,43233
-1,1,43234
-1,1,43235
-1,1,43236
-1,1,43237
-1,1,43238
-1,1,43239
-1,1,43240
-1,1,43241
-1,1,43242
-1,1,43243
-1,1,43244
-1,1,43245
-1,1,43246
-1,1,43318
-1,1,43319
-1,1,43320
-1,1,43321
-1,1,43322
-1,1,43323
-1,1,43324
-1,1,43325
-1,1,43326
-1,1,43327
-1,1,43328
-1,1,43329
-1,1,43330
-1,1,43331
-1,1,43332
-1,1,43333
-1,1,43334
-1,1,43335
-1,1,43336
-1,1,43337
-1,1,43338
-1,1,43339
-1,1,43340
-1,1,43341
-1,1,43342
-1,1,43343
-1,1,43344
-1,1,43345
-1,1,43346
-1,1,43347
-1,1,43348
-1,1,43349
-1,1,43350
-1,1,43351
-1,1,43352
-1,1,43353
-1,1,43354
-1,1,43355
-1,1,43356
-1,1,43357
-1,1,43358
-1,1,43359
-1,1,43360
-1,1,43361
-1,1,43362
-1,1,43363
-1,1,43364
-1,1,43365
-1,1,43366
-1,1,43367
-1,1,43368
-1,1,43369
-1,1,43370
-1,1,43371
-1,1,43372
-1,1,43373
-1,1,43374
-1,1,43446
-1,1,43447
-1,1,43448
-1,1,43449
-1,1,43450
-1,1,43451
-1,1,43452
-1,1,43453
-1,1,43454
-1,1,43455
-1,1,43456
-1,1,43457
-1,1,43458
-1,1,43459
-1,1,43460
-1,1,43461
-1,1,43462
-1,1,43463
-1,1,43464
-1,1,43465
-1,1,43466
-1,1,43467
-1,1,43468
-1,1,43469
-1,1,43470
-1,1,43471
-1,1,43472
-1,1,43473
-1,1,43474
-1,1,43475
-1,1,43476
-1,1,43477
-1,1,43478
-1,1,43479
-1,1,43480
-1,1,43481
-1,1,43482
-1,1,43483
-1,1,43484
-1,1,43485
-1,1,43486
-1,1,43487
-1,1,43488
-1,1,43489
-1,1,43490
-1,1,43491
-1,1,43492
-1,1,43493
-1,1,43494
-1,1,43495
-1,1,43496
-1,1,43497
-1,1,43498
-1,1,43499
-1,1,43500
-1,1,43501
-1,1,43502
-1,1,43574
-1,1,43575
-1,1,43576
-1,1,43577
-1,1,43578
-1,1,43579
-1,1,43580
-1,1,43581
-1,1,43582
-1,1,43583
-1,1,43584
-1,1,43585
-1,1,43586
-1,1,43587
-1,1,43588
-1,1,43589
-1,1,43590
-1,1,43591
-1,1,43592
-1,1,43593
-1,1,43594
-1,1,43595
-1,1,43596
-1,1,43597
-1,1,43598
-1,1,43599
-1,1,43600
-1,1,43601
-1,1,43602
-1,1,43603
-1,1,43604
-1,1,43605
-1,1,43606
-1,1,43607
-1,1,43608
-1,1,43609
-1,1,43610
-1,1,43611
-1,1,43612
-1,1,43613
-1,1,43614
-1,1,43615
-1,1,43616
-1,1,43617
-1,1,43618
-1,1,43619
-1,1,43620
-1,1,43621
-1,1,43622
-1,1,43623
-1,1,43624
-1,1,43625
-1,1,43626
-1,1,43627
-1,1,43628
-1,1,43629
-1,1,43630
-1,1,43702
-1,1,43703
-1,1,43704
-1,1,43705
-1,1,43706
-1,1,43707
-1,1,43708
-1,1,43709
-1,1,43710
-1,1,43711
-1,1,43712
-1,1,43713
-1,1,43714
-1,1,43715
-1,1,43716
-1,1,43717
-1,1,43718
-1,1,43719
-1,1,43720
-1,1,43721
-1,1,43722
-1,1,43723
-1,1,43724
-1,1,43725
-1,1,43726
-1,1,43727
-1,1,43728
-1,1,43729
-1,1,43730
-1,1,43731
-1,1,43732
-1,1,43733
-1,1,43734
-1,1,43735
-1,1,43736
-1,1,43737
-1,1,43738
-1,1,43739
-1,1,43740
-1,1,43741
-1,1,43742
-1,1,43743
-1,1,43744
-1,1,43745
-1,1,43746
-1,1,43747
-1,1,43748
-1,1,43749
-1,1,43750
-1,1,43751
-1,1,43752
-1,1,43753
-1,1,43754
-1,1,43755
-1,1,43756
-1,1,43757
-1,1,43758
-1,1,43830
-1,1,43831
-1,1,43832
-1,1,43833
-1,1,43834
-1,1,43835
-1,1,43836
-1,1,43837
-1,1,43838
-1,1,43839
-1,1,43840
-1,1,43841
-1,1,43842
-1,1,43843
-1,1,43844
-1,1,43845
-1,1,43846
-1,1,43847
-1,1,43848
-1,1,43849
-1,1,43850
-1,1,43851
-1,1,43852
-1,1,43853
-1,1,43854
-1,1,43855
-1,1,43856
-1,1,43857
-1,1,43858
-1,1,43859
-1,1,43860
-1,1,43861
-1,1,43862
-1,1,43863
-1,1,43864
-1,1,43865
-1,1,43866
-1,1,43867
-1,1,43868
-1,1,43869
-1,1,43870
-1,1,43871
-1,1,43872
-1,1,43873
-1,1,43874
-1,1,43875
-1,1,43876
-1,1,43877
-1,1,43878
-1,1,43879
-1,1,43880
-1,1,43881
-1,1,43882
-1,1,43883
-1,1,43884
-1,1,43885
-1,1,43886
-1,1,43958
-1,1,43959
-1,1,43960
-1,1,43961
-1,1,43962
-1,1,43963
-1,1,43964
-1,1,43965
-1,1,43966
-1,1,43967
-1,1,43968
-1,1,43969
-1,1,43970
-1,1,43971
-1,1,43972
-1,1,43973
-1,1,43974
-1,1,43975
-1,1,43976
-1,1,43977
-1,1,43978
-1,1,43979
-1,1,43980
-1,1,43981
-1,1,43982
-1,1,43983
-1,1,43984
-1,1,43985
-1,1,43986
-1,1,43987
-1,1,43988
-1,1,43989
-1,1,43990
-1,1,43991
-1,1,43992
-1,1,43993
-1,1,43994
-1,1,43995
-1,1,43996
-1,1,43997
-1,1,43998
-1,1,43999
-1,1,44000
-1,1,44001
-1,1,44002
-1,1,44003
-1,1,44004
-1,1,44005
-1,1,44006
-1,1,44007
-1,1,44008
-1,1,44009
-1,1,44010
-1,1,44011
-1,1,44012
-1,1,44013
-1,1,44014
-1,1,44086
-1,1,44087
-1,1,44088
-1,1,44089
-1,1,44090
-1,1,44091
-1,1,44092
-1,1,44093
-1,1,44094
-1,1,44095
-1,1,44096
-1,1,44097
-1,1,44098
-1,1,44099
-1,1,44100
-1,1,44101
-1,1,44102
-1,1,44103
-1,1,44104
-1,1,44105
-1,1,44106
-1,1,44107
-1,1,44108
-1,1,44109
-1,1,44110
-1,1,44111
-1,1,44112
-1,1,44113
-1,1,44114
-1,1,44115
-1,1,44116
-1,1,44117
-1,1,44118
-1,1,44119
-1,1,44120
-1,1,44121
-1,1,44122
-1,1,44123
-1,1,44124
-1,1,44125
-1,1,44126
-1,1,44127
-1,1,44128
-1,1,44129
-1,1,44130
-1,1,44131
-1,1,44132
-1,1,44133
-1,1,44134
-1,1,44135
-1,1,44136
-1,1,44137
-1,1,44138
-1,1,44139
-1,1,44140
-1,1,44141
-1,1,44142
-1,1,44214
-1,1,44215
-1,1,44216
-1,1,44217
-1,1,44218
-1,1,44219
-1,1,44220
-1,1,44221
-1,1,44222
-1,1,44223
-1,1,44224
-1,1,44225
-1,1,44226
-1,1,44227
-1,1,44228
-1,1,44229
-1,1,44230
-1,1,44231
-1,1,44232
-1,1,44233
-1,1,44234
-1,1,44235
-1,1,44236
-1,1,44237
-1,1,44238
-1,1,44239
-1,1,44240
-1,1,44241
-1,1,44242
-1,1,44243
-1,1,44244
-1,1,44245
-1,1,44246
-1,1,44247
-1,1,44248
-1,1,44249
-1,1,44250
-1,1,44251
-1,1,44252
-1,1,44253
-1,1,44254
-1,1,44255
-1,1,44256
-1,1,44257
-1,1,44258
-1,1,44259
-1,1,44260
-1,1,44261
-1,1,44262
-1,1,44263
-1,1,44264
-1,1,44265
-1,1,44266
-1,1,44267
-1,1,44268
-1,1,44269
-1,1,44270
-1,1,44342
-1,1,44343
-1,1,44344
-1,1,44345
-1,1,44346
-1,1,44347
-1,1,44348
-1,1,44349
-1,1,44350
-1,1,44351
-1,1,44352
-1,1,44353
-1,1,44354
-1,1,44355
-1,1,44356
-1,1,44357
-1,1,44358
-1,1,44359
-1,1,44360
-1,1,44361
-1,1,44362
-1,1,44363
-1,1,44364
-1,1,44365
-1,1,44366
-1,1,44367
-1,1,44368
-1,1,44369
-1,1,44370
-1,1,44371
-1,1,44372
-1,1,44373
-1,1,44374
-1,1,44375
-1,1,44376
-1,1,44377
-1,1,44378
-1,1,44379
-1,1,44380
-1,1,44381
-1,1,44382
-1,1,44383
-1,1,44384
-1,1,44385
-1,1,44386
-1,1,44387
-1,1,44388
-1,1,44389
-1,1,44390
-1,1,44391
-1,1,44392
-1,1,44393
-1,1,44394
-1,1,44395
-1,1,44396
-1,1,44397
-1,1,44398
-1,1,44470
-1,1,44471
-1,1,44472
-1,1,44473
-1,1,44474
-1,1,44475
-1,1,44476
-1,1,44477
-1,1,44478
-1,1,44479
-1,1,44480
-1,1,44481
-1,1,44482
-1,1,44483
-1,1,44484
-1,1,44485
-1,1,44486
-1,1,44487
-1,1,44488
-1,1,44489
-1,1,44490
-1,1,44491
-1,1,44492
-1,1,44493
-1,1,44494
-1,1,44495
-1,1,44496
-1,1,44497
-1,1,44498
-1,1,44499
-1,1,44500
-1,1,44501
-1,1,44502
-1,1,44503
-1,1,44504
-1,1,44505
-1,1,44506
-1,1,44507
-1,1,44508
-1,1,44509
-1,1,44510
-1,1,44511
-1,1,44512
-1,1,44513
-1,1,44514
-1,1,44515
-1,1,44516
-1,1,44517
-1,1,44518
-1,1,44519
-1,1,44520
-1,1,44521
-1,1,44522
-1,1,44523
-1,1,44524
-1,1,44525
-1,1,44526
-1,1,44598
-1,1,44599
-1,1,44600
-1,1,44601
-1,1,44602
-1,1,44603
-1,1,44604
-1,1,44605
-1,1,44606
-1,1,44607
-1,1,44608
-1,1,44609
-1,1,44610
-1,1,44611
-1,1,44612
-1,1,44613
-1,1,44614
-1,1,44615
-1,1,44616
-1,1,44617
-1,1,44618
-1,1,44619
-1,1,44620
-1,1,44621
-1,1,44622
-1,1,44623
-1,1,44624
-1,1,44625
-1,1,44626
-1,1,44627
-1,1,44628
-1,1,44629
-1,1,44630
-1,1,44631
-1,1,44632
-1,1,44633
-1,1,44634
-1,1,44635
-1,1,44636
-1,1,44637
-1,1,44638
-1,1,44639
-1,1,44640
-1,1,44641
-1,1,44642
-1,1,44643
-1,1,44644
-1,1,44645
-1,1,44646
-1,1,44647
-1,1,44648
-1,1,44649
-1,1,44650
-1,1,44651
-1,1,44652
-1,1,44653
-1,1,44654
-1,1,44726
-1,1,44727
-1,1,44728
-1,1,44729
-1,1,44730
-1,1,44731
-1,1,44732
-1,1,44733
-1,1,44734
-1,1,44735
-1,1,44736
-1,1,44737
-1,1,44738
-1,1,44739
-1,1,44740
-1,1,44741
-1,1,44742
-1,1,44743
-1,1,44744
-1,1,44745
-1,1,44746
-1,1,44747
-1,1,44748
-1,1,44749
-1,1,44750
-1,1,44751
-1,1,44752
-1,1,44753
-1,1,44754
-1,1,44755
-1,1,44756
-1,1,44757
-1,1,44758
-1,1,44759
-1,1,44760
-1,1,44761
-1,1,44762
-1,1,44763
-1,1,44764
-1,1,44765
-1,1,44766
-1,1,44767
-1,1,44768
-1,1,44769
-1,1,44770
-1,1,44771
-1,1,44772
-1,1,44773
-1,1,44774
-1,1,44775
-1,1,44776
-1,1,44777
-1,1,44778
-1,1,44779
-1,1,44780
-1,1,44781
-1,1,44782
-1,1,44854
-1,1,44855
-1,1,44856
-1,1,44857
-1,1,44858
-1,1,44859
-1,1,44860
-1,1,44861
-1,1,44862
-1,1,44863
-1,1,44864
-1,1,44865
-1,1,44866
-1,1,44867
-1,1,44868
-1,1,44869
-1,1,44870
-1,1,44871
-1,1,44872
-1,1,44873
-1,1,44874
-1,1,44875
-1,1,44876
-1,1,44877
-1,1,44878
-1,1,44879
-1,1,44880
-1,1,44881
-1,1,44882
-1,1,44883
-1,1,44884
-1,1,44885
-1,1,44886
-1,1,44887
-1,1,44888
-1,1,44889
-1,1,44890
-1,1,44891
-1,1,44892
-1,1,44893
-1,1,44894
-1,1,44895
-1,1,44896
-1,1,44897
-1,1,44898
-1,1,44899
-1,1,44900
-1,1,44901
-1,1,44902
-1,1,44903
-1,1,44904
-1,1,44905
-1,1,44906
-1,1,44907
-1,1,44908
-1,1,44909
-1,1,44910
-1,1,44982
-1,1,44983
-1,1,44984
-1,1,44985
-1,1,44986
-1,1,44987
-1,1,44988
-1,1,44989
-1,1,44990
-1,1,44991
-1,1,44992
-1,1,44993
-1,1,44994
-1,1,44995
-1,1,44996
-1,1,44997
-1,1,44998
-1,1,44999
-1,1,45000
-1,1,45001
-1,1,45002
-1,1,45003
-1,1,45004
-1,1,45005
-1,1,45006
-1,1,45007
-1,1,45008
-1,1,45009
-1,1,45010
-1,1,45011
-1,1,45012
-1,1,45013
-1,1,45014
-1,1,45015
-1,1,45016
-1,1,45017
-1,1,45018
-1,1,45019
-1,1,45020
-1,1,45021
-1,1,45022
-1,1,45023
-1,1,45024
-1,1,45025
-1,1,45026
-1,1,45027
-1,1,45028
-1,1,45029
-1,1,45030
-1,1,45031
-1,1,45032
-1,1,45033
-1,1,45034
-1,1,45035
-1,1,45036
-1,1,45037
-1,1,45038
-1,1,45110
-1,1,45111
-1,1,45112
-1,1,45113
-1,1,45114
-1,1,45115
-1,1,45116
-1,1,45117
-1,1,45118
-1,1,45119
-1,1,45120
-1,1,45121
-1,1,45122
-1,1,45123
-1,1,45124
-1,1,45125
-1,1,45126
-1,1,45127
-1,1,45128
-1,1,45129
-1,1,45130
-1,1,45131
-1,1,45132
-1,1,45133
-1,1,45134
-1,1,45135
-1,1,45136
-1,1,45137
-1,1,45138
-1,1,45139
-1,1,45140
-1,1,45141
-1,1,45142
-1,1,45143
-1,1,45144
-1,1,45145
-1,1,45146
-1,1,45147
-1,1,45148
-1,1,45149
-1,1,45150
-1,1,45151
-1,1,45152
-1,1,45153
-1,1,45154
-1,1,45155
-1,1,45156
-1,1,45157
-1,1,45158
-1,1,45159
-1,1,45160
-1,1,45161
-1,1,45162
-1,1,45163
-1,1,45164
-1,1,45165
-1,1,45166
-1,1,45238
-1,1,45239
-1,1,45240
-1,1,45241
-1,1,45242
-1,1,45243
-1,1,45244
-1,1,45245
-1,1,45246
-1,1,45247
-1,1,45248
-1,1,45249
-1,1,45250
-1,1,45251
-1,1,45252
-1,1,45253
-1,1,45254
-1,1,45255
-1,1,45256
-1,1,45257
-1,1,45258
-1,1,45259
-1,1,45260
-1,1,45261
-1,1,45262
-1,1,45263
-1,1,45264
-1,1,45265
-1,1,45266
-1,1,45267
-1,1,45268
-1,1,45269
-1,1,45270
-1,1,45271
-1,1,45272
-1,1,45273
-1,1,45274
-1,1,45275
-1,1,45276
-1,1,45277
-1,1,45278
-1,1,45279
-1,1,45280
-1,1,45281
-1,1,45282
-1,1,45283
-1,1,45284
-1,1,45285
-1,1,45286
-1,1,45287
-1,1,45288
-1,1,45289
-1,1,45290
-1,1,45291
-1,1,45292
-1,1,45293
-1,1,45294
-1,1,45366
-1,1,45367
-1,1,45368
-1,1,45369
-1,1,45370
-1,1,45371
-1,1,45372
-1,1,45373
-1,1,45374
-1,1,45375
-1,1,45376
-1,1,45377
-1,1,45378
-1,1,45379
-1,1,45380
-1,1,45381
-1,1,45382
-1,1,45383
-1,1,45384
-1,1,45385
-1,1,45386
-1,1,45387
-1,1,45388
-1,1,45389
-1,1,45390
-1,1,45391
-1,1,45392
-1,1,45393
-1,1,45394
-1,1,45395
-1,1,45396
-1,1,45397
-1,1,45398
-1,1,45399
-1,1,45400
-1,1,45401
-1,1,45402
-1,1,45403
-1,1,45404
-1,1,45405
-1,1,45406
-1,1,45407
-1,1,45408
-1,1,45409
-1,1,45410
-1,1,45411
-1,1,45412
-1,1,45413
-1,1,45414
-1,1,45415
-1,1,45416
-1,1,45417
-1,1,45418
-1,1,45419
-1,1,45420
-1,1,45421
-1,1,45422
-1,1,45494
-1,1,45495
-1,1,45496
-1,1,45497
-1,1,45498
-1,1,45499
-1,1,45500
-1,1,45501
-1,1,45502
-1,1,45503
-1,1,45504
-1,1,45505
-1,1,45506
-1,1,45507
-1,1,45508
-1,1,45509
-1,1,45510
-1,1,45511
-1,1,45512
-1,1,45513
-1,1,45514
-1,1,45515
-1,1,45516
-1,1,45517
-1,1,45518
-1,1,45519
-1,1,45520
-1,1,45521
-1,1,45522
-1,1,45523
-1,1,45524
-1,1,45525
-1,1,45526
-1,1,45527
-1,1,45528
-1,1,45529
-1,1,45530
-1,1,45531
-1,1,45532
-1,1,45533
-1,1,45534
-1,1,45535
-1,1,45536
-1,1,45537
-1,1,45538
-1,1,45539
-1,1,45540
-1,1,45541
-1,1,45542
-1,1,45543
-1,1,45544
-1,1,45545
-1,1,45546
-1,1,45547
-1,1,45548
-1,1,45549
-1,1,45550
-1,1,45622
-1,1,45623
-1,1,45624
-1,1,45625
-1,1,45626
-1,1,45627
-1,1,45628
-1,1,45629
-1,1,45630
-1,1,45631
-1,1,45632
-1,1,45633
-1,1,45634
-1,1,45635
-1,1,45636
-1,1,45637
-1,1,45638
-1,1,45639
-1,1,45640
-1,1,45641
-1,1,45642
-1,1,45643
-1,1,45644
-1,1,45645
-1,1,45646
-1,1,45647
-1,1,45648
-1,1,45649
-1,1,45650
-1,1,45651
-1,1,45652
-1,1,45653
-1,1,45654
-1,1,45655
-1,1,45656
-1,1,45657
-1,1,45658
-1,1,45659
-1,1,45660
-1,1,45661
-1,1,45662
-1,1,45663
-1,1,45664
-1,1,45665
-1,1,45666
-1,1,45667
-1,1,45668
-1,1,45669
-1,1,45670
-1,1,45671
-1,1,45672
-1,1,45673
-1,1,45674
-1,1,45675
-1,1,45676
-1,1,45677
-1,1,45678
-1,1,45750
-1,1,45751
-1,1,45752
-1,1,45753
-1,1,45754
-1,1,45755
-1,1,45756
-1,1,45757
-1,1,45758
-1,1,45759
-1,1,45760
-1,1,45761
-1,1,45762
-1,1,45763
-1,1,45764
-1,1,45765
-1,1,45766
-1,1,45767
-1,1,45768
-1,1,45769
-1,1,45770
-1,1,45771
-1,1,45772
-1,1,45773
-1,1,45774
-1,1,45775
-1,1,45776
-1,1,45777
-1,1,45778
-1,1,45779
-1,1,45780
-1,1,45781
-1,1,45782
-1,1,45783
-1,1,45784
-1,1,45785
-1,1,45786
-1,1,45787
-1,1,45788
-1,1,45789
-1,1,45790
-1,1,45791
-1,1,45792
-1,1,45793
-1,1,45794
-1,1,45795
-1,1,45796
-1,1,45797
-1,1,45798
-1,1,45799
-1,1,45800
-1,1,45801
-1,1,45802
-1,1,45803
-1,1,45804
-1,1,45805
-1,1,45806
-1,1,45878
-1,1,45879
-1,1,45880
-1,1,45881
-1,1,45882
-1,1,45883
-1,1,45884
-1,1,45885
-1,1,45886
-1,1,45887
-1,1,45888
-1,1,45889
-1,1,45890
-1,1,45891
-1,1,45892
-1,1,45893
-1,1,45894
-1,1,45895
-1,1,45896
-1,1,45897
-1,1,45898
-1,1,45899
-1,1,45900
-1,1,45901
-1,1,45902
-1,1,45903
-1,1,45904
-1,1,45905
-1,1,45906
-1,1,45907
-1,1,45908
-1,1,45909
-1,1,45910
-1,1,45911
-1,1,45912
-1,1,45913
-1,1,45914
-1,1,45915
-1,1,45916
-1,1,45917
-1,1,45918
-1,1,45919
-1,1,45920
-1,1,45921
-1,1,45922
-1,1,45923
-1,1,45924
-1,1,45925
-1,1,45926
-1,1,45927
-1,1,45928
-1,1,45929
-1,1,45930
-1,1,45931
-1,1,45932
-1,1,45933
-1,1,45934
-1,1,46006
-1,1,46007
-1,1,46008
-1,1,46009
-1,1,46010
-1,1,46011
-1,1,46012
-1,1,46013
-1,1,46014
-1,1,46015
-1,1,46016
-1,1,46017
-1,1,46018
-1,1,46019
-1,1,46020
-1,1,46021
-1,1,46022
-1,1,46023
-1,1,46024
-1,1,46025
-1,1,46026
-1,1,46027
-1,1,46028
-1,1,46029
-1,1,46030
-1,1,46031
-1,1,46032
-1,1,46033
-1,1,46034
-1,1,46035
-1,1,46036
-1,1,46037
-1,1,46038
-1,1,46039
-1,1,46040
-1,1,46041
-1,1,46042
-1,1,46043
-1,1,46044
-1,1,46045
-1,1,46046
-1,1,46047
-1,1,46048
-1,1,46049
-1,1,46050
-1,1,46051
-1,1,46052
-1,1,46053
-1,1,46054
-1,1,46055
-1,1,46056
-1,1,46057
-1,1,46058
-1,1,46059
-1,1,46060
-1,1,46061
-1,1,46062
-1,1,46134
-1,1,46135
-1,1,46136
-1,1,46137
-1,1,46138
-1,1,46139
-1,1,46140
-1,1,46141
-1,1,46142
-1,1,46143
-1,1,46144
-1,1,46145
-1,1,46146
-1,1,46147
-1,1,46148
-1,1,46149
-1,1,46150
-1,1,46151
-1,1,46152
-1,1,46153
-1,1,46154
-1,1,46155
-1,1,46156
-1,1,46157
-1,1,46158
-1,1,46159
-1,1,46160
-1,1,46161
-1,1,46162
-1,1,46163
-1,1,46164
-1,1,46165
-1,1,46166
-1,1,46167
-1,1,46168
-1,1,46169
-1,1,46170
-1,1,46171
-1,1,46172
-1,1,46173
-1,1,46174
-1,1,46175
-1,1,46176
-1,1,46177
-1,1,46178
-1,1,46179
-1,1,46180
-1,1,46181
-1,1,46182
-1,1,46183
-1,1,46184
-1,1,46185
-1,1,46186
-1,1,46187
-1,1,46188
-1,1,46189
-1,1,46190
-1,1,46262
-1,1,46263
-1,1,46264
-1,1,46265
-1,1,46266
-1,1,46267
-1,1,46268
-1,1,46269
-1,1,46270
-1,1,46271
-1,1,46272
-1,1,46273
-1,1,46274
-1,1,46275
-1,1,46276
-1,1,46277
-1,1,46278
-1,1,46279
-1,1,46280
-1,1,46281
-1,1,46282
-1,1,46283
-1,1,46284
-1,1,46285
-1,1,46286
-1,1,46287
-1,1,46288
-1,1,46289
-1,1,46290
-1,1,46291
-1,1,46292
-1,1,46293
-1,1,46294
-1,1,46295
-1,1,46296
-1,1,46297
-1,1,46298
-1,1,46299
-1,1,46300
-1,1,46301
-1,1,46302
-1,1,46303
-1,1,46304
-1,1,46305
-1,1,46306
-1,1,46307
-1,1,46308
-1,1,46309
-1,1,46310
-1,1,46311
-1,1,46312
-1,1,46313
-1,1,46314
-1,1,46315
-1,1,46316
-1,1,46317
-1,1,46318
-1,1,46390
-1,1,46391
-1,1,46392
-1,1,46393
-1,1,46394
-1,1,46395
-1,1,46396
-1,1,46397
-1,1,46398
-1,1,46399
-1,1,46400
-1,1,46401
-1,1,46402
-1,1,46403
-1,1,46404
-1,1,46405
-1,1,46406
-1,1,46407
-1,1,46408
-1,1,46409
-1,1,46410
-1,1,46411
-1,1,46412
-1,1,46413
-1,1,46414
-1,1,46415
-1,1,46416
-1,1,46417
-1,1,46418
-1,1,46419
-1,1,46420
-1,1,46421
-1,1,46422
-1,1,46423
-1,1,46424
-1,1,46425
-1,1,46426
-1,1,46427
-1,1,46428
-1,1,46429
-1,1,46430
-1,1,46431
-1,1,46432
-1,1,46433
-1,1,46434
-1,1,46435
-1,1,46436
-1,1,46437
-1,1,46438
-1,1,46439
-1,1,46440
-1,1,46441
-1,1,46442
-1,1,46443
-1,1,46444
-1,1,46445
-1,1,46446
-1,1,46518
-1,1,46519
-1,1,46520
-1,1,46521
-1,1,46522
-1,1,46523
-1,1,46524
-1,1,46525
-1,1,46526
-1,1,46527
-1,1,46528
-1,1,46529
-1,1,46530
-1,1,46531
-1,1,46532
-1,1,46533
-1,1,46534
-1,1,46535
-1,1,46536
-1,1,46537
-1,1,46538
-1,1,46539
-1,1,46540
-1,1,46541
-1,1,46542
-1,1,46543
-1,1,46544
-1,1,46545
-1,1,46546
-1,1,46547
-1,1,46548
-1,1,46549
-1,1,46550
-1,1,46551
-1,1,46552
-1,1,46553
-1,1,46554
-1,1,46555
-1,1,46556
-1,1,46557
-1,1,46558
-1,1,46559
-1,1,46560
-1,1,46561
-1,1,46562
-1,1,46563
-1,1,46564
-1,1,46565
-1,1,46566
-1,1,46567
-1,1,46568
-1,1,46569
-1,1,46570
-1,1,46571
-1,1,46572
-1,1,46573
-1,1,46574
-1,1,46646
-1,1,46647
-1,1,46648
-1,1,46649
-1,1,46650
-1,1,46651
-1,1,46652
-1,1,46653
-1,1,46654
-1,1,46655
-1,1,46656
-1,1,46657
-1,1,46658
-1,1,46659
-1,1,46660
-1,1,46661
-1,1,46662
-1,1,46663
-1,1,46664
-1,1,46665
-1,1,46666
-1,1,46667
-1,1,46668
-1,1,46669
-1,1,46670
-1,1,46671
-1,1,46672
-1,1,46673
-1,1,46674
-1,1,46675
-1,1,46676
-1,1,46677
-1,1,46678
-1,1,46679
-1,1,46680
-1,1,46681
-1,1,46682
-1,1,46683
-1,1,46684
-1,1,46685
-1,1,46686
-1,1,46687
-1,1,46688
-1,1,46689
-1,1,46690
-1,1,46691
-1,1,46692
-1,1,46693
-1,1,46694
-1,1,46695
-1,1,46696
-1,1,46697
-1,1,46698
-1,1,46699
-1,1,46700
-1,1,46701
-1,1,46702
-1,1,46774
-1,1,46775
-1,1,46776
-1,1,46777
-1,1,46778
-1,1,46779
-1,1,46780
-1,1,46781
-1,1,46782
-1,1,46783
-1,1,46784
-1,1,46785
-1,1,46786
-1,1,46787
-1,1,46788
-1,1,46789
-1,1,46790
-1,1,46791
-1,1,46792
-1,1,46793
-1,1,46794
-1,1,46795
-1,1,46796
-1,1,46797
-1,1,46798
-1,1,46799
-1,1,46800
-1,1,46801
-1,1,46802
-1,1,46803
-1,1,46804
-1,1,46805
-1,1,46806
-1,1,46807
-1,1,46808
-1,1,46809
-1,1,46810
-1,1,46811
-1,1,46812
-1,1,46813
-1,1,46814
-1,1,46815
-1,1,46816
-1,1,46817
-1,1,46818
-1,1,46819
-1,1,46820
-1,1,46821
-1,1,46822
-1,1,46823
-1,1,46824
-1,1,46825
-1,1,46826
-1,1,46827
-1,1,46828
-1,1,46829
-1,1,46830
-1,1,46902
-1,1,46903
-1,1,46904
-1,1,46905
-1,1,46906
-1,1,46907
-1,1,46908
-1,1,46909
-1,1,46910
-1,1,46911
-1,1,46912
-1,1,46913
-1,1,46914
-1,1,46915
-1,1,46916
-1,1,46917
-1,1,46918
-1,1,46919
-1,1,46920
-1,1,46921
-1,1,46922
-1,1,46923
-1,1,46924
-1,1,46925
-1,1,46926
-1,1,46927
-1,1,46928
-1,1,46929
-1,1,46930
-1,1,46931
-1,1,46932
-1,1,46933
-1,1,46934
-1,1,46935
-1,1,46936
-1,1,46937
-1,1,46938
-1,1,46939
-1,1,46940
-1,1,46941
-1,1,46942
-1,1,46943
-1,1,46944
-1,1,46945
-1,1,46946
-1,1,46947
-1,1,46948
-1,1,46949
-1,1,46950
-1,1,46951
-1,1,46952
-1,1,46953
-1,1,46954
-1,1,46955
-1,1,46956
-1,1,46957
-1,1,46958
-1,1,47030
-1,1,47031
-1,1,47032
-1,1,47033
-1,1,47034
-1,1,47035
-1,1,47036
-1,1,47037
-1,1,47038
-1,1,47039
-1,1,47040
-1,1,47041
-1,1,47042
-1,1,47043
-1,1,47044
-1,1,47045
-1,1,47046
-1,1,47047
-1,1,47048
-1,1,47049
-1,1,47050
-1,1,47051
-1,1,47052
-1,1,47053
-1,1,47054
-1,1,47055
-1,1,47056
-1,1,47057
-1,1,47058
-1,1,47059
-1,1,47060
-1,1,47061
-1,1,47062
-1,1,47063
-1,1,47064
-1,1,47065
-1,1,47066
-1,1,47067
-1,1,47068
-1,1,47069
-1,1,47070
-1,1,47071
-1,1,47072
-1,1,47073
-1,1,47074
-1,1,47075
-1,1,47076
-1,1,47077
-1,1,47078
-1,1,47079
-1,1,47080
-1,1,47081
-1,1,47082
-1,1,47083
-1,1,47084
-1,1,47085
-1,1,47086
-1,1,47158
-1,1,47159
-1,1,47160
-1,1,47161
-1,1,47162
-1,1,47163
-1,1,47164
-1,1,47165
-1,1,47166
-1,1,47167
-1,1,47168
-1,1,47169
-1,1,47170
-1,1,47171
-1,1,47172
-1,1,47173
-1,1,47174
-1,1,47175
-1,1,47176
-1,1,47177
-1,1,47178
-1,1,47179
-1,1,47180
-1,1,47181
-1,1,47182
-1,1,47183
-1,1,47184
-1,1,47185
-1,1,47186
-1,1,47187
-1,1,47188
-1,1,47189
-1,1,47190
-1,1,47191
-1,1,47192
-1,1,47193
-1,1,47194
-1,1,47195
-1,1,47196
-1,1,47197
-1,1,47198
-1,1,47199
-1,1,47200
-1,1,47201
-1,1,47202
-1,1,47203
-1,1,47204
-1,1,47205
-1,1,47206
-1,1,47207
-1,1,47208
-1,1,47209
-1,1,47210
-1,1,47211
-1,1,47212
-1,1,47213
-1,1,47214
-1,1,47286
-1,1,47287
-1,1,47288
-1,1,47289
-1,1,47290
-1,1,47291
-1,1,47292
-1,1,47293
-1,1,47294
-1,1,47295
-1,1,47296
-1,1,47297
-1,1,47298
-1,1,47299
-1,1,47300
-1,1,47301
-1,1,47302
-1,1,47303
-1,1,47304
-1,1,47305
-1,1,47306
-1,1,47307
-1,1,47308
-1,1,47309
-1,1,47310
-1,1,47311
-1,1,47312
-1,1,47313
-1,1,47314
-1,1,47315
-1,1,47316
-1,1,47317
-1,1,47318
-1,1,47319
-1,1,47320
-1,1,47321
-1,1,47322
-1,1,47323
-1,1,47324
-1,1,47325
-1,1,47326
-1,1,47327
-1,1,47328
-1,1,47329
-1,1,47330
-1,1,47331
-1,1,47332
-1,1,47333
-1,1,47334
-1,1,47335
-1,1,47336
-1,1,47337
-1,1,47338
-1,1,47339
-1,1,47340
-1,1,47341
-1,1,47342
-1,1,47414
-1,1,47415
-1,1,47416
-1,1,47417
-1,1,47418
-1,1,47419
-1,1,47420
-1,1,47421
-1,1,47422
-1,1,47423
-1,1,47424
-1,1,47425
-1,1,47426
-1,1,47427
-1,1,47428
-1,1,47429
-1,1,47430
-1,1,47431
-1,1,47432
-1,1,47433
-1,1,47434
-1,1,47435
-1,1,47436
-1,1,47437
-1,1,47438
-1,1,47439
-1,1,47440
-1,1,47441
-1,1,47442
-1,1,47443
-1,1,47444
-1,1,47445
-1,1,47446
-1,1,47447
-1,1,47448
-1,1,47449
-1,1,47450
-1,1,47451
-1,1,47452
-1,1,47453
-1,1,47454
-1,1,47455
-1,1,47456
-1,1,47457
-1,1,47458
-1,1,47459
-1,1,47460
-1,1,47461
-1,1,47462
-1,1,47463
-1,1,47464
-1,1,47465
-1,1,47466
-1,1,47467
-1,1,47468
-1,1,47469
-1,1,47470
-1,1,47542
-1,1,47543
-1,1,47544
-1,1,47545
-1,1,47546
-1,1,47547
-1,1,47548
-1,1,47549
-1,1,47550
-1,1,47551
-1,1,47552
-1,1,47553
-1,1,47554
-1,1,47555
-1,1,47556
-1,1,47557
-1,1,47558
-1,1,47559
-1,1,47560
-1,1,47561
-1,1,47562
-1,1,47563
-1,1,47564
-1,1,47565
-1,1,47566
-1,1,47567
-1,1,47568
-1,1,47569
-1,1,47570
-1,1,47571
-1,1,47572
-1,1,47573
-1,1,47574
-1,1,47575
-1,1,47576
-1,1,47577
-1,1,47578
-1,1,47579
-1,1,47580
-1,1,47581
-1,1,47582
-1,1,47583
-1,1,47584
-1,1,47585
-1,1,47586
-1,1,47587
-1,1,47588
-1,1,47589
-1,1,47590
-1,1,47591
-1,1,47592
-1,1,47593
-1,1,47594
-1,1,47595
-1,1,47596
-1,1,47597
-1,1,47598
-1,1,47670
-1,1,47671
-1,1,47672
-1,1,47673
-1,1,47674
-1,1,47675
-1,1,47676
-1,1,47677
-1,1,47678
-1,1,47679
-1,1,47680
-1,1,47681
-1,1,47682
-1,1,47683
-1,1,47684
-1,1,47685
-1,1,47686
-1,1,47687
-1,1,47688
-1,1,47689
-1,1,47690
-1,1,47691
-1,1,47692
-1,1,47693
-1,1,47694
-1,1,47695
-1,1,47696
-1,1,47697
-1,1,47698
-1,1,47699
-1,1,47700
-1,1,47701
-1,1,47702
-1,1,47703
-1,1,47704
-1,1,47705
-1,1,47706
-1,1,47707
-1,1,47708
-1,1,47709
-1,1,47710
-1,1,47711
-1,1,47712
-1,1,47713
-1,1,47714
-1,1,47715
-1,1,47716
-1,1,47717
-1,1,47718
-1,1,47719
-1,1,47720
-1,1,47721
-1,1,47722
-1,1,47723
-1,1,47724
-1,1,47725
-1,1,47726